id,type,path,recorded_by,date,notes
ff275abd-2ae3-4dc8-b358-211b759bfd92,word,c:/Users/94772/Desktop/Adaptive Audio-Based Therapeutic System for Post-Linguistic Hearing Loss Enhancing Emergency and Noisy-Environment Speech Comprehension-Test1/EarDisableResearch/Models/Data/audio/words/ff275abd-2ae3-4dc8-b358-211b759bfd92.wav,,,
2791972b-999e-4663-81a2-5ba5b9fd4bde,word,c:/Users/94772/Desktop/Adaptive Audio-Based Therapeutic System for Post-Linguistic Hearing Loss Enhancing Emergency and Noisy-Environment Speech Comprehension-Test1/EarDisableResearch/Models/Data/audio/words/2791972b-999e-4663-81a2-5ba5b9fd4bde.wav,,,
de21de3d-fb34-4267-b7d3-9b0e5e3212d6,word,c:/Users/94772/Desktop/Adaptive Audio-Based Therapeutic System for Post-Linguistic Hearing Loss Enhancing Emergency and Noisy-Environment Speech Comprehension-Test1/EarDisableResearch/Models/Data/audio/words/de21de3d-fb34-4267-b7d3-9b0e5e3212d6.wav,,,
e2e04eb6-2ffa-4860-8151-af524d840b2c,word,c:/Users/94772/Desktop/Adaptive Audio-Based Therapeutic System for Post-Linguistic Hearing Loss Enhancing Emergency and Noisy-Environment Speech Comprehension-Test1/EarDisableResearch/Models/Data/audio/words/e2e04eb6-2ffa-4860-8151-af524d840b2c.wav,,,
0fe7a5c2-fe23-46ef-9c93-5fb8da387a9b,word,c:/Users/94772/Desktop/Adaptive Audio-Based Therapeutic System for Post-Linguistic Hearing Loss Enhancing Emergency and Noisy-Environment Speech Comprehension-Test1/EarDisableResearch/Models/Data/audio/words/0fe7a5c2-fe23-46ef-9c93-5fb8da387a9b.wav,,,
668f41a2-1d32-4d85-83f7-5724b26913ee,word,c:/Users/94772/Desktop/Adaptive Audio-Based Therapeutic System for Post-Linguistic Hearing Loss Enhancing Emergency and Noisy-Environment Speech Comprehension-Test1/EarDisableResearch/Models/Data/audio/words/668f41a2-1d32-4d85-83f7-5724b26913ee.wav,,,
b3977999-cc01-4539-b700-c0ab1c0bae5d,word,c:/Users/94772/Desktop/Adaptive Audio-Based Therapeutic System for Post-Linguistic Hearing Loss Enhancing Emergency and Noisy-Environment Speech Comprehension-Test1/EarDisableResearch/Models/Data/audio/words/b3977999-cc01-4539-b700-c0ab1c0bae5d.wav,,,
57066a97-d034-4508-af16-6fac51f24b60,word,c:/Users/94772/Desktop/Adaptive Audio-Based Therapeutic System for Post-Linguistic Hearing Loss Enhancing Emergency and Noisy-Environment Speech Comprehension-Test1/EarDisableResearch/Models/Data/audio/words/57066a97-d034-4508-af16-6fac51f24b60.wav,,,
1630b845-8673-43bc-8b6a-4c0dec605b5f,word,c:/Users/94772/Desktop/Adaptive Audio-Based Therapeutic System for Post-Linguistic Hearing Loss Enhancing Emergency and Noisy-Environment Speech Comprehension-Test1/EarDisableResearch/Models/Data/audio/words/1630b845-8673-43bc-8b6a-4c0dec605b5f.wav,,,
895358be-0c2f-4b8f-a4eb-6b801fb2e653,word,c:/Users/94772/Desktop/Adaptive Audio-Based Therapeutic System for Post-Linguistic Hearing Loss Enhancing Emergency and Noisy-Environment Speech Comprehension-Test1/EarDisableResearch/Models/Data/audio/words/895358be-0c2f-4b8f-a4eb-6b801fb2e653.wav,,,
7aba6775-2faa-4495-aaa3-6a68256c5d24,word,c:/Users/94772/Desktop/Adaptive Audio-Based Therapeutic System for Post-Linguistic Hearing Loss Enhancing Emergency and Noisy-Environment Speech Comprehension-Test1/EarDisableResearch/Models/Data/audio/words/7aba6775-2faa-4495-aaa3-6a68256c5d24.wav,,,
cc61c821-c096-4f6a-b2d9-1ee8cd5f7c21,word,c:/Users/94772/Desktop/Adaptive Audio-Based Therapeutic System for Post-Linguistic Hearing Loss Enhancing Emergency and Noisy-Environment Speech Comprehension-Test1/EarDisableResearch/Models/Data/audio/words/cc61c821-c096-4f6a-b2d9-1ee8cd5f7c21.wav,,,
bf3035ef-7147-4a18-89df-172fdca6cbf0,word,c:/Users/94772/Desktop/Adaptive Audio-Based Therapeutic System for Post-Linguistic Hearing Loss Enhancing Emergency and Noisy-Environment Speech Comprehension-Test1/EarDisableResearch/Models/Data/audio/words/bf3035ef-7147-4a18-89df-172fdca6cbf0.wav,,,
ec71f851-7141-43df-a3d2-a7c384777fe2,word,c:/Users/94772/Desktop/Adaptive Audio-Based Therapeutic System for Post-Linguistic Hearing Loss Enhancing Emergency and Noisy-Environment Speech Comprehension-Test1/EarDisableResearch/Models/Data/audio/words/ec71f851-7141-43df-a3d2-a7c384777fe2.wav,,,
04794cea-76c7-4c13-9321-2ade308429d8,word,c:/Users/94772/Desktop/Adaptive Audio-Based Therapeutic System for Post-Linguistic Hearing Loss Enhancing Emergency and Noisy-Environment Speech Comprehension-Test1/EarDisableResearch/Models/Data/audio/words/04794cea-76c7-4c13-9321-2ade308429d8.wav,,,
4f66bb94-a343-4dc3-97dc-6df8b06bcf37,word,c:/Users/94772/Desktop/Adaptive Audio-Based Therapeutic System for Post-Linguistic Hearing Loss Enhancing Emergency and Noisy-Environment Speech Comprehension-Test1/EarDisableResearch/Models/Data/audio/words/4f66bb94-a343-4dc3-97dc-6df8b06bcf37.wav,,,
2e4349ea-26dc-4c27-9c60-d7d3a3a5d9a9,word,c:/Users/94772/Desktop/Adaptive Audio-Based Therapeutic System for Post-Linguistic Hearing Loss Enhancing Emergency and Noisy-Environment Speech Comprehension-Test1/EarDisableResearch/Models/Data/audio/words/2e4349ea-26dc-4c27-9c60-d7d3a3a5d9a9.wav,,,
caca6f4e-0975-4729-9212-057bde3c7259,word,c:/Users/94772/Desktop/Adaptive Audio-Based Therapeutic System for Post-Linguistic Hearing Loss Enhancing Emergency and Noisy-Environment Speech Comprehension-Test1/EarDisableResearch/Models/Data/audio/words/caca6f4e-0975-4729-9212-057bde3c7259.wav,,,
503e497f-db47-4a72-81d7-bd57ee217447,word,c:/Users/94772/Desktop/Adaptive Audio-Based Therapeutic System for Post-Linguistic Hearing Loss Enhancing Emergency and Noisy-Environment Speech Comprehension-Test1/EarDisableResearch/Models/Data/audio/words/503e497f-db47-4a72-81d7-bd57ee217447.wav,,,
03bff4d8-7243-48e5-845f-2999ed46ab33,word,c:/Users/94772/Desktop/Adaptive Audio-Based Therapeutic System for Post-Linguistic Hearing Loss Enhancing Emergency and Noisy-Environment Speech Comprehension-Test1/EarDisableResearch/Models/Data/audio/words/03bff4d8-7243-48e5-845f-2999ed46ab33.wav,,,
7b06e5ea-9f5f-4979-979e-d92b0f8fc1a2,word,c:/Users/94772/Desktop/Adaptive Audio-Based Therapeutic System for Post-Linguistic Hearing Loss Enhancing Emergency and Noisy-Environment Speech Comprehension-Test1/EarDisableResearch/Models/Data/audio/words/7b06e5ea-9f5f-4979-979e-d92b0f8fc1a2.wav,,,
c04548a5-a038-450f-93f8-b34b75ba5888,word,c:/Users/94772/Desktop/Adaptive Audio-Based Therapeutic System for Post-Linguistic Hearing Loss Enhancing Emergency and Noisy-Environment Speech Comprehension-Test1/EarDisableResearch/Models/Data/audio/words/c04548a5-a038-450f-93f8-b34b75ba5888.wav,,,
6648a152-af33-41ec-8f34-2310614a1124,word,c:/Users/94772/Desktop/Adaptive Audio-Based Therapeutic System for Post-Linguistic Hearing Loss Enhancing Emergency and Noisy-Environment Speech Comprehension-Test1/EarDisableResearch/Models/Data/audio/words/6648a152-af33-41ec-8f34-2310614a1124.wav,,,
d4781684-ae11-4717-a31d-869db5652729,word,c:/Users/94772/Desktop/Adaptive Audio-Based Therapeutic System for Post-Linguistic Hearing Loss Enhancing Emergency and Noisy-Environment Speech Comprehension-Test1/EarDisableResearch/Models/Data/audio/words/d4781684-ae11-4717-a31d-869db5652729.wav,,,
2a3a0662-2632-42b4-a9a4-ba6e0555d619,word,c:/Users/94772/Desktop/Adaptive Audio-Based Therapeutic System for Post-Linguistic Hearing Loss Enhancing Emergency and Noisy-Environment Speech Comprehension-Test1/EarDisableResearch/Models/Data/audio/words/2a3a0662-2632-42b4-a9a4-ba6e0555d619.wav,,,
f852c7fe-df39-4e13-abc3-c8a9458f5f6f,word,c:/Users/94772/Desktop/Adaptive Audio-Based Therapeutic System for Post-Linguistic Hearing Loss Enhancing Emergency and Noisy-Environment Speech Comprehension-Test1/EarDisableResearch/Models/Data/audio/words/f852c7fe-df39-4e13-abc3-c8a9458f5f6f.wav,,,
7d26b74c-9ebd-4c6c-b4e5-d3de333b4a6a,word,c:/Users/94772/Desktop/Adaptive Audio-Based Therapeutic System for Post-Linguistic Hearing Loss Enhancing Emergency and Noisy-Environment Speech Comprehension-Test1/EarDisableResearch/Models/Data/audio/words/7d26b74c-9ebd-4c6c-b4e5-d3de333b4a6a.wav,,,
c5af416a-5a5c-42fa-a209-ecf562e4726c,word,c:/Users/94772/Desktop/Adaptive Audio-Based Therapeutic System for Post-Linguistic Hearing Loss Enhancing Emergency and Noisy-Environment Speech Comprehension-Test1/EarDisableResearch/Models/Data/audio/words/c5af416a-5a5c-42fa-a209-ecf562e4726c.wav,,,
526ee84d-0887-4ace-97dd-c809f1fffe64,word,c:/Users/94772/Desktop/Adaptive Audio-Based Therapeutic System for Post-Linguistic Hearing Loss Enhancing Emergency and Noisy-Environment Speech Comprehension-Test1/EarDisableResearch/Models/Data/audio/words/526ee84d-0887-4ace-97dd-c809f1fffe64.wav,,,
67da2285-71d0-46e5-bc13-0b5870f239eb,word,c:/Users/94772/Desktop/Adaptive Audio-Based Therapeutic System for Post-Linguistic Hearing Loss Enhancing Emergency and Noisy-Environment Speech Comprehension-Test1/EarDisableResearch/Models/Data/audio/words/67da2285-71d0-46e5-bc13-0b5870f239eb.wav,,,
8b759c5b-21c6-498e-ba97-146df7e3ccd0,word,c:/Users/94772/Desktop/Adaptive Audio-Based Therapeutic System for Post-Linguistic Hearing Loss Enhancing Emergency and Noisy-Environment Speech Comprehension-Test1/EarDisableResearch/Models/Data/audio/words/8b759c5b-21c6-498e-ba97-146df7e3ccd0.wav,,,
6b385cba-6f83-481d-87bc-3209b6a16234,word,c:/Users/94772/Desktop/Adaptive Audio-Based Therapeutic System for Post-Linguistic Hearing Loss Enhancing Emergency and Noisy-Environment Speech Comprehension-Test1/EarDisableResearch/Models/Data/audio/words/6b385cba-6f83-481d-87bc-3209b6a16234.wav,,,
3b80a111-0de3-458e-85b2-67ac06e0ec9d,word,c:/Users/94772/Desktop/Adaptive Audio-Based Therapeutic System for Post-Linguistic Hearing Loss Enhancing Emergency and Noisy-Environment Speech Comprehension-Test1/EarDisableResearch/Models/Data/audio/words/3b80a111-0de3-458e-85b2-67ac06e0ec9d.wav,,,
301e9b1f-696a-40fc-8846-a48a59821b8c,word,c:/Users/94772/Desktop/Adaptive Audio-Based Therapeutic System for Post-Linguistic Hearing Loss Enhancing Emergency and Noisy-Environment Speech Comprehension-Test1/EarDisableResearch/Models/Data/audio/words/301e9b1f-696a-40fc-8846-a48a59821b8c.wav,,,
08f1c870-d4aa-4a31-9c5b-f5b9d60eccc6,word,c:/Users/94772/Desktop/Adaptive Audio-Based Therapeutic System for Post-Linguistic Hearing Loss Enhancing Emergency and Noisy-Environment Speech Comprehension-Test1/EarDisableResearch/Models/Data/audio/words/08f1c870-d4aa-4a31-9c5b-f5b9d60eccc6.wav,,,
a841a777-68fa-4426-9a66-a0998cd3080a,word,c:/Users/94772/Desktop/Adaptive Audio-Based Therapeutic System for Post-Linguistic Hearing Loss Enhancing Emergency and Noisy-Environment Speech Comprehension-Test1/EarDisableResearch/Models/Data/audio/words/a841a777-68fa-4426-9a66-a0998cd3080a.wav,,,
5d7b74b3-b9b2-4596-838a-789c423b4bef,word,c:/Users/94772/Desktop/Adaptive Audio-Based Therapeutic System for Post-Linguistic Hearing Loss Enhancing Emergency and Noisy-Environment Speech Comprehension-Test1/EarDisableResearch/Models/Data/audio/words/5d7b74b3-b9b2-4596-838a-789c423b4bef.wav,,,
80a0dec2-8eea-4c59-a4c9-5d3b858c7188,word,c:/Users/94772/Desktop/Adaptive Audio-Based Therapeutic System for Post-Linguistic Hearing Loss Enhancing Emergency and Noisy-Environment Speech Comprehension-Test1/EarDisableResearch/Models/Data/audio/words/80a0dec2-8eea-4c59-a4c9-5d3b858c7188.wav,,,
3fa27181-7a52-4261-961e-22dff1832cff,word,c:/Users/94772/Desktop/Adaptive Audio-Based Therapeutic System for Post-Linguistic Hearing Loss Enhancing Emergency and Noisy-Environment Speech Comprehension-Test1/EarDisableResearch/Models/Data/audio/words/3fa27181-7a52-4261-961e-22dff1832cff.wav,,,
b2aba8f1-6108-4b5d-911e-e3ff352facee,word,c:/Users/94772/Desktop/Adaptive Audio-Based Therapeutic System for Post-Linguistic Hearing Loss Enhancing Emergency and Noisy-Environment Speech Comprehension-Test1/EarDisableResearch/Models/Data/audio/words/b2aba8f1-6108-4b5d-911e-e3ff352facee.wav,,,
360bb476-4186-4e7d-acda-ea932b59fb70,word,c:/Users/94772/Desktop/Adaptive Audio-Based Therapeutic System for Post-Linguistic Hearing Loss Enhancing Emergency and Noisy-Environment Speech Comprehension-Test1/EarDisableResearch/Models/Data/audio/words/360bb476-4186-4e7d-acda-ea932b59fb70.wav,,,
29a4b389-af0f-4871-aa81-1540440a53e2,word,c:/Users/94772/Desktop/Adaptive Audio-Based Therapeutic System for Post-Linguistic Hearing Loss Enhancing Emergency and Noisy-Environment Speech Comprehension-Test1/EarDisableResearch/Models/Data/audio/words/29a4b389-af0f-4871-aa81-1540440a53e2.wav,,,
f74f2f41-6588-4c53-b73d-7552f94d24e2,word,c:/Users/94772/Desktop/Adaptive Audio-Based Therapeutic System for Post-Linguistic Hearing Loss Enhancing Emergency and Noisy-Environment Speech Comprehension-Test1/EarDisableResearch/Models/Data/audio/words/f74f2f41-6588-4c53-b73d-7552f94d24e2.wav,,,
b5a42532-8162-4ccf-b412-ee96e06c23c2,word,c:/Users/94772/Desktop/Adaptive Audio-Based Therapeutic System for Post-Linguistic Hearing Loss Enhancing Emergency and Noisy-Environment Speech Comprehension-Test1/EarDisableResearch/Models/Data/audio/words/b5a42532-8162-4ccf-b412-ee96e06c23c2.wav,,,
a69d9a2d-33c8-4559-ba51-b159c2946f5e,word,c:/Users/94772/Desktop/Adaptive Audio-Based Therapeutic System for Post-Linguistic Hearing Loss Enhancing Emergency and Noisy-Environment Speech Comprehension-Test1/EarDisableResearch/Models/Data/audio/words/a69d9a2d-33c8-4559-ba51-b159c2946f5e.wav,,,
00ff8d4e-af63-443f-a8ef-30d6afc3b7c0,word,c:/Users/94772/Desktop/Adaptive Audio-Based Therapeutic System for Post-Linguistic Hearing Loss Enhancing Emergency and Noisy-Environment Speech Comprehension-Test1/EarDisableResearch/Models/Data/audio/words/00ff8d4e-af63-443f-a8ef-30d6afc3b7c0.wav,,,
19503aa3-3394-49ad-a51b-7ac2c694a5a0,word,c:/Users/94772/Desktop/Adaptive Audio-Based Therapeutic System for Post-Linguistic Hearing Loss Enhancing Emergency and Noisy-Environment Speech Comprehension-Test1/EarDisableResearch/Models/Data/audio/words/19503aa3-3394-49ad-a51b-7ac2c694a5a0.wav,,,
e4b7ab94-8be4-44ae-b088-e628e95450d6,word,c:/Users/94772/Desktop/Adaptive Audio-Based Therapeutic System for Post-Linguistic Hearing Loss Enhancing Emergency and Noisy-Environment Speech Comprehension-Test1/EarDisableResearch/Models/Data/audio/words/e4b7ab94-8be4-44ae-b088-e628e95450d6.wav,,,
b4bd4344-3952-460b-b161-c5761185fb47,word,c:/Users/94772/Desktop/Adaptive Audio-Based Therapeutic System for Post-Linguistic Hearing Loss Enhancing Emergency and Noisy-Environment Speech Comprehension-Test1/EarDisableResearch/Models/Data/audio/words/b4bd4344-3952-460b-b161-c5761185fb47.wav,,,
1ca5ea6c-7247-4a65-8c9b-39e8e003c845,word,c:/Users/94772/Desktop/Adaptive Audio-Based Therapeutic System for Post-Linguistic Hearing Loss Enhancing Emergency and Noisy-Environment Speech Comprehension-Test1/EarDisableResearch/Models/Data/audio/words/1ca5ea6c-7247-4a65-8c9b-39e8e003c845.wav,,,
4027008c-ee6e-429b-ac13-b8b25885d0fb,word,c:/Users/94772/Desktop/Adaptive Audio-Based Therapeutic System for Post-Linguistic Hearing Loss Enhancing Emergency and Noisy-Environment Speech Comprehension-Test1/EarDisableResearch/Models/Data/audio/words/4027008c-ee6e-429b-ac13-b8b25885d0fb.wav,,,
39c56e77-358a-4250-bab3-5faf67c8b0ce,word,c:/Users/94772/Desktop/Adaptive Audio-Based Therapeutic System for Post-Linguistic Hearing Loss Enhancing Emergency and Noisy-Environment Speech Comprehension-Test1/EarDisableResearch/Models/Data/audio/words/39c56e77-358a-4250-bab3-5faf67c8b0ce.wav,,,
fbc66add-7f23-4cee-a531-d75af03b2d03,word,c:/Users/94772/Desktop/Adaptive Audio-Based Therapeutic System for Post-Linguistic Hearing Loss Enhancing Emergency and Noisy-Environment Speech Comprehension-Test1/EarDisableResearch/Models/Data/audio/words/fbc66add-7f23-4cee-a531-d75af03b2d03.wav,,,
4888d994-28b7-4b09-b761-6424b7902317,word,c:/Users/94772/Desktop/Adaptive Audio-Based Therapeutic System for Post-Linguistic Hearing Loss Enhancing Emergency and Noisy-Environment Speech Comprehension-Test1/EarDisableResearch/Models/Data/audio/words/4888d994-28b7-4b09-b761-6424b7902317.wav,,,
f9dd2760-8fe7-43cd-a035-d86d86d34735,word,c:/Users/94772/Desktop/Adaptive Audio-Based Therapeutic System for Post-Linguistic Hearing Loss Enhancing Emergency and Noisy-Environment Speech Comprehension-Test1/EarDisableResearch/Models/Data/audio/words/f9dd2760-8fe7-43cd-a035-d86d86d34735.wav,,,
3f0c2c13-a143-4df5-9350-b426f9f4508f,word,c:/Users/94772/Desktop/Adaptive Audio-Based Therapeutic System for Post-Linguistic Hearing Loss Enhancing Emergency and Noisy-Environment Speech Comprehension-Test1/EarDisableResearch/Models/Data/audio/words/3f0c2c13-a143-4df5-9350-b426f9f4508f.wav,,,
d2e14d67-641f-4f4b-bff2-c9311bb71bef,word,c:/Users/94772/Desktop/Adaptive Audio-Based Therapeutic System for Post-Linguistic Hearing Loss Enhancing Emergency and Noisy-Environment Speech Comprehension-Test1/EarDisableResearch/Models/Data/audio/words/d2e14d67-641f-4f4b-bff2-c9311bb71bef.wav,,,
cf62aaae-da3e-4cef-9643-d1247e7ac099,word,c:/Users/94772/Desktop/Adaptive Audio-Based Therapeutic System for Post-Linguistic Hearing Loss Enhancing Emergency and Noisy-Environment Speech Comprehension-Test1/EarDisableResearch/Models/Data/audio/words/cf62aaae-da3e-4cef-9643-d1247e7ac099.wav,,,
d6d68c1a-3acb-4191-88de-97be306eeb30,word,c:/Users/94772/Desktop/Adaptive Audio-Based Therapeutic System for Post-Linguistic Hearing Loss Enhancing Emergency and Noisy-Environment Speech Comprehension-Test1/EarDisableResearch/Models/Data/audio/words/d6d68c1a-3acb-4191-88de-97be306eeb30.wav,,,
73b218e5-f823-4b2d-915a-9f7b05cd7aa6,word,c:/Users/94772/Desktop/Adaptive Audio-Based Therapeutic System for Post-Linguistic Hearing Loss Enhancing Emergency and Noisy-Environment Speech Comprehension-Test1/EarDisableResearch/Models/Data/audio/words/73b218e5-f823-4b2d-915a-9f7b05cd7aa6.wav,,,
99602890-0ee5-4dc5-89f7-660397007adc,word,c:/Users/94772/Desktop/Adaptive Audio-Based Therapeutic System for Post-Linguistic Hearing Loss Enhancing Emergency and Noisy-Environment Speech Comprehension-Test1/EarDisableResearch/Models/Data/audio/words/99602890-0ee5-4dc5-89f7-660397007adc.wav,,,
fbb0cd5b-36e8-40bf-a7b5-67546b63ce2b,word,c:/Users/94772/Desktop/Adaptive Audio-Based Therapeutic System for Post-Linguistic Hearing Loss Enhancing Emergency and Noisy-Environment Speech Comprehension-Test1/EarDisableResearch/Models/Data/audio/words/fbb0cd5b-36e8-40bf-a7b5-67546b63ce2b.wav,,,
5311a93e-d689-41d9-b5ed-5d2c932e919f,word,c:/Users/94772/Desktop/Adaptive Audio-Based Therapeutic System for Post-Linguistic Hearing Loss Enhancing Emergency and Noisy-Environment Speech Comprehension-Test1/EarDisableResearch/Models/Data/audio/words/5311a93e-d689-41d9-b5ed-5d2c932e919f.wav,,,
e8118425-e705-4487-98d0-6c6d3853e018,word,c:/Users/94772/Desktop/Adaptive Audio-Based Therapeutic System for Post-Linguistic Hearing Loss Enhancing Emergency and Noisy-Environment Speech Comprehension-Test1/EarDisableResearch/Models/Data/audio/words/e8118425-e705-4487-98d0-6c6d3853e018.wav,,,
f1d96bee-ad81-47fe-a32a-6624199f106b,word,c:/Users/94772/Desktop/Adaptive Audio-Based Therapeutic System for Post-Linguistic Hearing Loss Enhancing Emergency and Noisy-Environment Speech Comprehension-Test1/EarDisableResearch/Models/Data/audio/words/f1d96bee-ad81-47fe-a32a-6624199f106b.wav,,,
b5ca61f7-23b4-4de8-a166-420755895bf3,word,c:/Users/94772/Desktop/Adaptive Audio-Based Therapeutic System for Post-Linguistic Hearing Loss Enhancing Emergency and Noisy-Environment Speech Comprehension-Test1/EarDisableResearch/Models/Data/audio/words/b5ca61f7-23b4-4de8-a166-420755895bf3.wav,,,
42a2ad3f-fa4f-417b-b8b9-aba75e6c6875,word,c:/Users/94772/Desktop/Adaptive Audio-Based Therapeutic System for Post-Linguistic Hearing Loss Enhancing Emergency and Noisy-Environment Speech Comprehension-Test1/EarDisableResearch/Models/Data/audio/words/42a2ad3f-fa4f-417b-b8b9-aba75e6c6875.wav,,,
845f6556-eea6-4655-9d18-6e3ef96ae680,word,c:/Users/94772/Desktop/Adaptive Audio-Based Therapeutic System for Post-Linguistic Hearing Loss Enhancing Emergency and Noisy-Environment Speech Comprehension-Test1/EarDisableResearch/Models/Data/audio/words/845f6556-eea6-4655-9d18-6e3ef96ae680.wav,,,
3215e294-a3a5-4875-904e-d257c5e55302,word,c:/Users/94772/Desktop/Adaptive Audio-Based Therapeutic System for Post-Linguistic Hearing Loss Enhancing Emergency and Noisy-Environment Speech Comprehension-Test1/EarDisableResearch/Models/Data/audio/words/3215e294-a3a5-4875-904e-d257c5e55302.wav,,,
c7067377-3a7a-4e9c-95b8-7f457bb3af77,word,c:/Users/94772/Desktop/Adaptive Audio-Based Therapeutic System for Post-Linguistic Hearing Loss Enhancing Emergency and Noisy-Environment Speech Comprehension-Test1/EarDisableResearch/Models/Data/audio/words/c7067377-3a7a-4e9c-95b8-7f457bb3af77.wav,,,
31551a5c-b705-43c2-8cd4-66cd7b03ec58,word,c:/Users/94772/Desktop/Adaptive Audio-Based Therapeutic System for Post-Linguistic Hearing Loss Enhancing Emergency and Noisy-Environment Speech Comprehension-Test1/EarDisableResearch/Models/Data/audio/words/31551a5c-b705-43c2-8cd4-66cd7b03ec58.wav,,,
a0509411-5904-477a-97b7-e1dd145420d9,word,c:/Users/94772/Desktop/Adaptive Audio-Based Therapeutic System for Post-Linguistic Hearing Loss Enhancing Emergency and Noisy-Environment Speech Comprehension-Test1/EarDisableResearch/Models/Data/audio/words/a0509411-5904-477a-97b7-e1dd145420d9.wav,,,
50c0b0bb-6598-4b2e-bfe5-256c2bad7c19,word,c:/Users/94772/Desktop/Adaptive Audio-Based Therapeutic System for Post-Linguistic Hearing Loss Enhancing Emergency and Noisy-Environment Speech Comprehension-Test1/EarDisableResearch/Models/Data/audio/words/50c0b0bb-6598-4b2e-bfe5-256c2bad7c19.wav,,,
48304389-ec4f-473a-83fe-56bd74ded1dd,word,c:/Users/94772/Desktop/Adaptive Audio-Based Therapeutic System for Post-Linguistic Hearing Loss Enhancing Emergency and Noisy-Environment Speech Comprehension-Test1/EarDisableResearch/Models/Data/audio/words/48304389-ec4f-473a-83fe-56bd74ded1dd.wav,,,
fe197394-907f-40f1-9ad3-5732ed330040,word,c:/Users/94772/Desktop/Adaptive Audio-Based Therapeutic System for Post-Linguistic Hearing Loss Enhancing Emergency and Noisy-Environment Speech Comprehension-Test1/EarDisableResearch/Models/Data/audio/words/fe197394-907f-40f1-9ad3-5732ed330040.wav,,,
eb6be23e-4541-4502-88c1-f79c326caa2f,word,c:/Users/94772/Desktop/Adaptive Audio-Based Therapeutic System for Post-Linguistic Hearing Loss Enhancing Emergency and Noisy-Environment Speech Comprehension-Test1/EarDisableResearch/Models/Data/audio/words/eb6be23e-4541-4502-88c1-f79c326caa2f.wav,,,
efe13bc6-2da2-4782-8c88-7ea011ef5ec8,word,c:/Users/94772/Desktop/Adaptive Audio-Based Therapeutic System for Post-Linguistic Hearing Loss Enhancing Emergency and Noisy-Environment Speech Comprehension-Test1/EarDisableResearch/Models/Data/audio/words/efe13bc6-2da2-4782-8c88-7ea011ef5ec8.wav,,,
1f9b6036-d81d-49d3-b8ab-67a10c3ecc72,word,c:/Users/94772/Desktop/Adaptive Audio-Based Therapeutic System for Post-Linguistic Hearing Loss Enhancing Emergency and Noisy-Environment Speech Comprehension-Test1/EarDisableResearch/Models/Data/audio/words/1f9b6036-d81d-49d3-b8ab-67a10c3ecc72.wav,,,
eed90bec-0134-4828-a758-201ac0d51395,word,c:/Users/94772/Desktop/Adaptive Audio-Based Therapeutic System for Post-Linguistic Hearing Loss Enhancing Emergency and Noisy-Environment Speech Comprehension-Test1/EarDisableResearch/Models/Data/audio/words/eed90bec-0134-4828-a758-201ac0d51395.wav,,,
8e8e2c61-4c3d-42f8-a5b3-7e197baf2d21,word,c:/Users/94772/Desktop/Adaptive Audio-Based Therapeutic System for Post-Linguistic Hearing Loss Enhancing Emergency and Noisy-Environment Speech Comprehension-Test1/EarDisableResearch/Models/Data/audio/words/8e8e2c61-4c3d-42f8-a5b3-7e197baf2d21.wav,,,
ebb32c6b-8158-4551-a913-90aeda8caa40,word,c:/Users/94772/Desktop/Adaptive Audio-Based Therapeutic System for Post-Linguistic Hearing Loss Enhancing Emergency and Noisy-Environment Speech Comprehension-Test1/EarDisableResearch/Models/Data/audio/words/ebb32c6b-8158-4551-a913-90aeda8caa40.wav,,,
fe2d2725-c10b-422a-8bea-cd9788e1bb1a,word,c:/Users/94772/Desktop/Adaptive Audio-Based Therapeutic System for Post-Linguistic Hearing Loss Enhancing Emergency and Noisy-Environment Speech Comprehension-Test1/EarDisableResearch/Models/Data/audio/words/fe2d2725-c10b-422a-8bea-cd9788e1bb1a.wav,,,
2d8579f9-a195-460a-94b3-2fa04af92e86,word,c:/Users/94772/Desktop/Adaptive Audio-Based Therapeutic System for Post-Linguistic Hearing Loss Enhancing Emergency and Noisy-Environment Speech Comprehension-Test1/EarDisableResearch/Models/Data/audio/words/2d8579f9-a195-460a-94b3-2fa04af92e86.wav,,,
9b36bbe8-2dbd-4a41-b9f7-3a10e1007c7e,word,c:/Users/94772/Desktop/Adaptive Audio-Based Therapeutic System for Post-Linguistic Hearing Loss Enhancing Emergency and Noisy-Environment Speech Comprehension-Test1/EarDisableResearch/Models/Data/audio/words/9b36bbe8-2dbd-4a41-b9f7-3a10e1007c7e.wav,,,
aeac9d12-ae5d-43b1-8186-d612570086c4,word,c:/Users/94772/Desktop/Adaptive Audio-Based Therapeutic System for Post-Linguistic Hearing Loss Enhancing Emergency and Noisy-Environment Speech Comprehension-Test1/EarDisableResearch/Models/Data/audio/words/aeac9d12-ae5d-43b1-8186-d612570086c4.wav,,,
eab070a8-e3cc-4a73-92d7-3b8163895f3e,word,c:/Users/94772/Desktop/Adaptive Audio-Based Therapeutic System for Post-Linguistic Hearing Loss Enhancing Emergency and Noisy-Environment Speech Comprehension-Test1/EarDisableResearch/Models/Data/audio/words/eab070a8-e3cc-4a73-92d7-3b8163895f3e.wav,,,
d03fd5b7-3a25-48f2-8085-6ba68a8d1b29,word,c:/Users/94772/Desktop/Adaptive Audio-Based Therapeutic System for Post-Linguistic Hearing Loss Enhancing Emergency and Noisy-Environment Speech Comprehension-Test1/EarDisableResearch/Models/Data/audio/words/d03fd5b7-3a25-48f2-8085-6ba68a8d1b29.wav,,,
5c63237f-2092-4a3d-9253-d50712ddf4cb,word,c:/Users/94772/Desktop/Adaptive Audio-Based Therapeutic System for Post-Linguistic Hearing Loss Enhancing Emergency and Noisy-Environment Speech Comprehension-Test1/EarDisableResearch/Models/Data/audio/words/5c63237f-2092-4a3d-9253-d50712ddf4cb.wav,,,
5e807abf-851f-4618-aa36-29ba3e386542,word,c:/Users/94772/Desktop/Adaptive Audio-Based Therapeutic System for Post-Linguistic Hearing Loss Enhancing Emergency and Noisy-Environment Speech Comprehension-Test1/EarDisableResearch/Models/Data/audio/words/5e807abf-851f-4618-aa36-29ba3e386542.wav,,,
edc50d0e-bfb0-4a20-a037-9fba4d6b1ed1,word,c:/Users/94772/Desktop/Adaptive Audio-Based Therapeutic System for Post-Linguistic Hearing Loss Enhancing Emergency and Noisy-Environment Speech Comprehension-Test1/EarDisableResearch/Models/Data/audio/words/edc50d0e-bfb0-4a20-a037-9fba4d6b1ed1.wav,,,
1e505a93-4ad6-49e7-8615-57b20049a995,word,c:/Users/94772/Desktop/Adaptive Audio-Based Therapeutic System for Post-Linguistic Hearing Loss Enhancing Emergency and Noisy-Environment Speech Comprehension-Test1/EarDisableResearch/Models/Data/audio/words/1e505a93-4ad6-49e7-8615-57b20049a995.wav,,,
09a65275-6e17-4150-8bc8-dcc528775b4a,word,c:/Users/94772/Desktop/Adaptive Audio-Based Therapeutic System for Post-Linguistic Hearing Loss Enhancing Emergency and Noisy-Environment Speech Comprehension-Test1/EarDisableResearch/Models/Data/audio/words/09a65275-6e17-4150-8bc8-dcc528775b4a.wav,,,
7568ce7c-a472-423c-82ff-f5009a768f2c,word,c:/Users/94772/Desktop/Adaptive Audio-Based Therapeutic System for Post-Linguistic Hearing Loss Enhancing Emergency and Noisy-Environment Speech Comprehension-Test1/EarDisableResearch/Models/Data/audio/words/7568ce7c-a472-423c-82ff-f5009a768f2c.wav,,,
30c3c1ac-5572-4734-94a9-263b57720d8c,word,c:/Users/94772/Desktop/Adaptive Audio-Based Therapeutic System for Post-Linguistic Hearing Loss Enhancing Emergency and Noisy-Environment Speech Comprehension-Test1/EarDisableResearch/Models/Data/audio/words/30c3c1ac-5572-4734-94a9-263b57720d8c.wav,,,
f308a93c-bec1-4a1e-bd0f-3824b5d6332e,word,c:/Users/94772/Desktop/Adaptive Audio-Based Therapeutic System for Post-Linguistic Hearing Loss Enhancing Emergency and Noisy-Environment Speech Comprehension-Test1/EarDisableResearch/Models/Data/audio/words/f308a93c-bec1-4a1e-bd0f-3824b5d6332e.wav,,,
379ec8e4-9e47-4738-9c31-373cc8a6a217,word,c:/Users/94772/Desktop/Adaptive Audio-Based Therapeutic System for Post-Linguistic Hearing Loss Enhancing Emergency and Noisy-Environment Speech Comprehension-Test1/EarDisableResearch/Models/Data/audio/words/379ec8e4-9e47-4738-9c31-373cc8a6a217.wav,,,
a59a0e5b-3321-40ce-9dfe-3d9fe17db0c0,word,c:/Users/94772/Desktop/Adaptive Audio-Based Therapeutic System for Post-Linguistic Hearing Loss Enhancing Emergency and Noisy-Environment Speech Comprehension-Test1/EarDisableResearch/Models/Data/audio/words/a59a0e5b-3321-40ce-9dfe-3d9fe17db0c0.wav,,,
101fee84-5252-44a7-95c0-5cc9763f69b7,word,c:/Users/94772/Desktop/Adaptive Audio-Based Therapeutic System for Post-Linguistic Hearing Loss Enhancing Emergency and Noisy-Environment Speech Comprehension-Test1/EarDisableResearch/Models/Data/audio/words/101fee84-5252-44a7-95c0-5cc9763f69b7.wav,,,
d4318ede-e812-4ac8-b733-cb4b46d93eab,word,c:/Users/94772/Desktop/Adaptive Audio-Based Therapeutic System for Post-Linguistic Hearing Loss Enhancing Emergency and Noisy-Environment Speech Comprehension-Test1/EarDisableResearch/Models/Data/audio/words/d4318ede-e812-4ac8-b733-cb4b46d93eab.wav,,,
027746dd-0a3e-4acf-a68e-f59298f39da1,word,c:/Users/94772/Desktop/Adaptive Audio-Based Therapeutic System for Post-Linguistic Hearing Loss Enhancing Emergency and Noisy-Environment Speech Comprehension-Test1/EarDisableResearch/Models/Data/audio/words/027746dd-0a3e-4acf-a68e-f59298f39da1.wav,,,
2722f5a7-e34a-43e5-a310-77fc143b893e,word,c:/Users/94772/Desktop/Adaptive Audio-Based Therapeutic System for Post-Linguistic Hearing Loss Enhancing Emergency and Noisy-Environment Speech Comprehension-Test1/EarDisableResearch/Models/Data/audio/words/2722f5a7-e34a-43e5-a310-77fc143b893e.wav,,,
9d340618-3935-4028-9888-48767f0203e8,word,c:/Users/94772/Desktop/Adaptive Audio-Based Therapeutic System for Post-Linguistic Hearing Loss Enhancing Emergency and Noisy-Environment Speech Comprehension-Test1/EarDisableResearch/Models/Data/audio/words/9d340618-3935-4028-9888-48767f0203e8.wav,,,
b12f5a08-4863-40b5-99ee-0f2fbac48b1e,word,c:/Users/94772/Desktop/Adaptive Audio-Based Therapeutic System for Post-Linguistic Hearing Loss Enhancing Emergency and Noisy-Environment Speech Comprehension-Test1/EarDisableResearch/Models/Data/audio/words/b12f5a08-4863-40b5-99ee-0f2fbac48b1e.wav,,,
6264bbff-fc42-42da-a1af-3e0d727cfe38,word,c:/Users/94772/Desktop/Adaptive Audio-Based Therapeutic System for Post-Linguistic Hearing Loss Enhancing Emergency and Noisy-Environment Speech Comprehension-Test1/EarDisableResearch/Models/Data/audio/words/6264bbff-fc42-42da-a1af-3e0d727cfe38.wav,,,
5a5bac55-b6d3-44ac-9b96-05c8a574e036,word,c:/Users/94772/Desktop/Adaptive Audio-Based Therapeutic System for Post-Linguistic Hearing Loss Enhancing Emergency and Noisy-Environment Speech Comprehension-Test1/EarDisableResearch/Models/Data/audio/words/5a5bac55-b6d3-44ac-9b96-05c8a574e036.wav,,,
66fd9516-d865-474a-b841-c527e19d6d97,word,c:/Users/94772/Desktop/Adaptive Audio-Based Therapeutic System for Post-Linguistic Hearing Loss Enhancing Emergency and Noisy-Environment Speech Comprehension-Test1/EarDisableResearch/Models/Data/audio/words/66fd9516-d865-474a-b841-c527e19d6d97.wav,,,
4eb5e73f-c617-41f3-ae43-74bf656a856d,word,c:/Users/94772/Desktop/Adaptive Audio-Based Therapeutic System for Post-Linguistic Hearing Loss Enhancing Emergency and Noisy-Environment Speech Comprehension-Test1/EarDisableResearch/Models/Data/audio/words/4eb5e73f-c617-41f3-ae43-74bf656a856d.wav,,,
da992d31-59bc-4fc4-b37d-f1a2cdd4ad23,word,c:/Users/94772/Desktop/Adaptive Audio-Based Therapeutic System for Post-Linguistic Hearing Loss Enhancing Emergency and Noisy-Environment Speech Comprehension-Test1/EarDisableResearch/Models/Data/audio/words/da992d31-59bc-4fc4-b37d-f1a2cdd4ad23.wav,,,
24b76344-968c-4921-ad70-0d408241ca56,word,c:/Users/94772/Desktop/Adaptive Audio-Based Therapeutic System for Post-Linguistic Hearing Loss Enhancing Emergency and Noisy-Environment Speech Comprehension-Test1/EarDisableResearch/Models/Data/audio/words/24b76344-968c-4921-ad70-0d408241ca56.wav,,,
063c7c8a-cbd5-4216-b8ed-34f402615cde,word,c:/Users/94772/Desktop/Adaptive Audio-Based Therapeutic System for Post-Linguistic Hearing Loss Enhancing Emergency and Noisy-Environment Speech Comprehension-Test1/EarDisableResearch/Models/Data/audio/words/063c7c8a-cbd5-4216-b8ed-34f402615cde.wav,,,
351117cf-b224-4bbe-8ccb-32dda637089b,word,c:/Users/94772/Desktop/Adaptive Audio-Based Therapeutic System for Post-Linguistic Hearing Loss Enhancing Emergency and Noisy-Environment Speech Comprehension-Test1/EarDisableResearch/Models/Data/audio/words/351117cf-b224-4bbe-8ccb-32dda637089b.wav,,,
ee75dc17-5c97-488d-b141-e6aac2355587,word,c:/Users/94772/Desktop/Adaptive Audio-Based Therapeutic System for Post-Linguistic Hearing Loss Enhancing Emergency and Noisy-Environment Speech Comprehension-Test1/EarDisableResearch/Models/Data/audio/words/ee75dc17-5c97-488d-b141-e6aac2355587.wav,,,
84872b80-3a1b-46c6-bfe0-e89c6e09cfdb,word,c:/Users/94772/Desktop/Adaptive Audio-Based Therapeutic System for Post-Linguistic Hearing Loss Enhancing Emergency and Noisy-Environment Speech Comprehension-Test1/EarDisableResearch/Models/Data/audio/words/84872b80-3a1b-46c6-bfe0-e89c6e09cfdb.wav,,,
15943a3c-9055-4f14-9936-a38c4c492ede,word,c:/Users/94772/Desktop/Adaptive Audio-Based Therapeutic System for Post-Linguistic Hearing Loss Enhancing Emergency and Noisy-Environment Speech Comprehension-Test1/EarDisableResearch/Models/Data/audio/words/15943a3c-9055-4f14-9936-a38c4c492ede.wav,,,
fd227aef-205f-40fa-bf1a-823d04076f73,word,c:/Users/94772/Desktop/Adaptive Audio-Based Therapeutic System for Post-Linguistic Hearing Loss Enhancing Emergency and Noisy-Environment Speech Comprehension-Test1/EarDisableResearch/Models/Data/audio/words/fd227aef-205f-40fa-bf1a-823d04076f73.wav,,,
124fb74b-f6ff-495a-9122-0ce10a4abe9c,word,c:/Users/94772/Desktop/Adaptive Audio-Based Therapeutic System for Post-Linguistic Hearing Loss Enhancing Emergency and Noisy-Environment Speech Comprehension-Test1/EarDisableResearch/Models/Data/audio/words/124fb74b-f6ff-495a-9122-0ce10a4abe9c.wav,,,
235891a2-b128-42b3-a2bc-13d50684e096,word,c:/Users/94772/Desktop/Adaptive Audio-Based Therapeutic System for Post-Linguistic Hearing Loss Enhancing Emergency and Noisy-Environment Speech Comprehension-Test1/EarDisableResearch/Models/Data/audio/words/235891a2-b128-42b3-a2bc-13d50684e096.wav,,,
08c91479-a0b4-47a6-b475-f1f690d58b70,word,c:/Users/94772/Desktop/Adaptive Audio-Based Therapeutic System for Post-Linguistic Hearing Loss Enhancing Emergency and Noisy-Environment Speech Comprehension-Test1/EarDisableResearch/Models/Data/audio/words/08c91479-a0b4-47a6-b475-f1f690d58b70.wav,,,
10701943-1758-471e-8db6-ee96505d4330,word,c:/Users/94772/Desktop/Adaptive Audio-Based Therapeutic System for Post-Linguistic Hearing Loss Enhancing Emergency and Noisy-Environment Speech Comprehension-Test1/EarDisableResearch/Models/Data/audio/words/10701943-1758-471e-8db6-ee96505d4330.wav,,,
f0d26555-3474-4fdb-a801-c7f60cb5cfc7,word,c:/Users/94772/Desktop/Adaptive Audio-Based Therapeutic System for Post-Linguistic Hearing Loss Enhancing Emergency and Noisy-Environment Speech Comprehension-Test1/EarDisableResearch/Models/Data/audio/words/f0d26555-3474-4fdb-a801-c7f60cb5cfc7.wav,,,
0440e875-7cab-4225-8131-5f7543cbf454,word,c:/Users/94772/Desktop/Adaptive Audio-Based Therapeutic System for Post-Linguistic Hearing Loss Enhancing Emergency and Noisy-Environment Speech Comprehension-Test1/EarDisableResearch/Models/Data/audio/words/0440e875-7cab-4225-8131-5f7543cbf454.wav,,,
62425cad-f578-43d2-8abd-fc1b150148e9,word,c:/Users/94772/Desktop/Adaptive Audio-Based Therapeutic System for Post-Linguistic Hearing Loss Enhancing Emergency and Noisy-Environment Speech Comprehension-Test1/EarDisableResearch/Models/Data/audio/words/62425cad-f578-43d2-8abd-fc1b150148e9.wav,,,
6ee0c762-1a9c-4891-be15-7bfae0ffa661,word,c:/Users/94772/Desktop/Adaptive Audio-Based Therapeutic System for Post-Linguistic Hearing Loss Enhancing Emergency and Noisy-Environment Speech Comprehension-Test1/EarDisableResearch/Models/Data/audio/words/6ee0c762-1a9c-4891-be15-7bfae0ffa661.wav,,,
34058fd0-fe18-4493-acba-517b452f5435,word,c:/Users/94772/Desktop/Adaptive Audio-Based Therapeutic System for Post-Linguistic Hearing Loss Enhancing Emergency and Noisy-Environment Speech Comprehension-Test1/EarDisableResearch/Models/Data/audio/words/34058fd0-fe18-4493-acba-517b452f5435.wav,,,
0a139b7c-1234-453d-b4cc-2923e11e7a61,word,c:/Users/94772/Desktop/Adaptive Audio-Based Therapeutic System for Post-Linguistic Hearing Loss Enhancing Emergency and Noisy-Environment Speech Comprehension-Test1/EarDisableResearch/Models/Data/audio/words/0a139b7c-1234-453d-b4cc-2923e11e7a61.wav,,,
33cda39f-9e71-4f90-abda-8c89a67812e0,word,c:/Users/94772/Desktop/Adaptive Audio-Based Therapeutic System for Post-Linguistic Hearing Loss Enhancing Emergency and Noisy-Environment Speech Comprehension-Test1/EarDisableResearch/Models/Data/audio/words/33cda39f-9e71-4f90-abda-8c89a67812e0.wav,,,
38d830e6-f630-46f7-a6a8-d5d276ef4385,word,c:/Users/94772/Desktop/Adaptive Audio-Based Therapeutic System for Post-Linguistic Hearing Loss Enhancing Emergency and Noisy-Environment Speech Comprehension-Test1/EarDisableResearch/Models/Data/audio/words/38d830e6-f630-46f7-a6a8-d5d276ef4385.wav,,,
1023361b-5dd3-4034-9740-8765c2c6367c,word,c:/Users/94772/Desktop/Adaptive Audio-Based Therapeutic System for Post-Linguistic Hearing Loss Enhancing Emergency and Noisy-Environment Speech Comprehension-Test1/EarDisableResearch/Models/Data/audio/words/1023361b-5dd3-4034-9740-8765c2c6367c.wav,,,
aae7884d-e3dc-4040-b80a-e2ff30bcf0e2,word,c:/Users/94772/Desktop/Adaptive Audio-Based Therapeutic System for Post-Linguistic Hearing Loss Enhancing Emergency and Noisy-Environment Speech Comprehension-Test1/EarDisableResearch/Models/Data/audio/words/aae7884d-e3dc-4040-b80a-e2ff30bcf0e2.wav,,,
11689493-05a9-448e-b414-c70c1d21bce5,word,c:/Users/94772/Desktop/Adaptive Audio-Based Therapeutic System for Post-Linguistic Hearing Loss Enhancing Emergency and Noisy-Environment Speech Comprehension-Test1/EarDisableResearch/Models/Data/audio/words/11689493-05a9-448e-b414-c70c1d21bce5.wav,,,
5fc40008-e6b5-4239-858b-482a528f5fc8,word,c:/Users/94772/Desktop/Adaptive Audio-Based Therapeutic System for Post-Linguistic Hearing Loss Enhancing Emergency and Noisy-Environment Speech Comprehension-Test1/EarDisableResearch/Models/Data/audio/words/5fc40008-e6b5-4239-858b-482a528f5fc8.wav,,,
cec9a183-672b-47f2-83e1-4cf5e08e5621,word,c:/Users/94772/Desktop/Adaptive Audio-Based Therapeutic System for Post-Linguistic Hearing Loss Enhancing Emergency and Noisy-Environment Speech Comprehension-Test1/EarDisableResearch/Models/Data/audio/words/cec9a183-672b-47f2-83e1-4cf5e08e5621.wav,,,
60c9d9b4-3d17-47b8-bb37-1aa1b148af1c,word,c:/Users/94772/Desktop/Adaptive Audio-Based Therapeutic System for Post-Linguistic Hearing Loss Enhancing Emergency and Noisy-Environment Speech Comprehension-Test1/EarDisableResearch/Models/Data/audio/words/60c9d9b4-3d17-47b8-bb37-1aa1b148af1c.wav,,,
424b0774-832a-41f4-a8d4-7d8bef03a878,word,c:/Users/94772/Desktop/Adaptive Audio-Based Therapeutic System for Post-Linguistic Hearing Loss Enhancing Emergency and Noisy-Environment Speech Comprehension-Test1/EarDisableResearch/Models/Data/audio/words/424b0774-832a-41f4-a8d4-7d8bef03a878.wav,,,
f9235eae-e4a4-4d8c-ae48-f36aa0a99631,word,c:/Users/94772/Desktop/Adaptive Audio-Based Therapeutic System for Post-Linguistic Hearing Loss Enhancing Emergency and Noisy-Environment Speech Comprehension-Test1/EarDisableResearch/Models/Data/audio/words/f9235eae-e4a4-4d8c-ae48-f36aa0a99631.wav,,,
d92375ce-ac6b-4655-abc8-b3e0593f58a9,word,c:/Users/94772/Desktop/Adaptive Audio-Based Therapeutic System for Post-Linguistic Hearing Loss Enhancing Emergency and Noisy-Environment Speech Comprehension-Test1/EarDisableResearch/Models/Data/audio/words/d92375ce-ac6b-4655-abc8-b3e0593f58a9.wav,,,
342d8ecf-77da-4992-8a3a-a1eea1df52a5,word,c:/Users/94772/Desktop/Adaptive Audio-Based Therapeutic System for Post-Linguistic Hearing Loss Enhancing Emergency and Noisy-Environment Speech Comprehension-Test1/EarDisableResearch/Models/Data/audio/words/342d8ecf-77da-4992-8a3a-a1eea1df52a5.wav,,,
7981c370-6e4d-453b-9feb-edf6abb54b84,word,c:/Users/94772/Desktop/Adaptive Audio-Based Therapeutic System for Post-Linguistic Hearing Loss Enhancing Emergency and Noisy-Environment Speech Comprehension-Test1/EarDisableResearch/Models/Data/audio/words/7981c370-6e4d-453b-9feb-edf6abb54b84.wav,,,
4779796b-b562-4566-b270-1b4448dcc35f,word,c:/Users/94772/Desktop/Adaptive Audio-Based Therapeutic System for Post-Linguistic Hearing Loss Enhancing Emergency and Noisy-Environment Speech Comprehension-Test1/EarDisableResearch/Models/Data/audio/words/4779796b-b562-4566-b270-1b4448dcc35f.wav,,,
08ec1665-ed93-4bbe-bd6b-e83f4484fa47,word,c:/Users/94772/Desktop/Adaptive Audio-Based Therapeutic System for Post-Linguistic Hearing Loss Enhancing Emergency and Noisy-Environment Speech Comprehension-Test1/EarDisableResearch/Models/Data/audio/words/08ec1665-ed93-4bbe-bd6b-e83f4484fa47.wav,,,
f70895bd-9369-4fa6-820b-297fd2567c96,word,c:/Users/94772/Desktop/Adaptive Audio-Based Therapeutic System for Post-Linguistic Hearing Loss Enhancing Emergency and Noisy-Environment Speech Comprehension-Test1/EarDisableResearch/Models/Data/audio/words/f70895bd-9369-4fa6-820b-297fd2567c96.wav,,,
25ff93ed-8803-48c3-939f-b9276ca82d97,word,c:/Users/94772/Desktop/Adaptive Audio-Based Therapeutic System for Post-Linguistic Hearing Loss Enhancing Emergency and Noisy-Environment Speech Comprehension-Test1/EarDisableResearch/Models/Data/audio/words/25ff93ed-8803-48c3-939f-b9276ca82d97.wav,,,
a304fd8d-36cb-40f8-9f4f-ab0356e28ba2,word,c:/Users/94772/Desktop/Adaptive Audio-Based Therapeutic System for Post-Linguistic Hearing Loss Enhancing Emergency and Noisy-Environment Speech Comprehension-Test1/EarDisableResearch/Models/Data/audio/words/a304fd8d-36cb-40f8-9f4f-ab0356e28ba2.wav,,,
fae63ed5-6c82-4711-afbf-f8ed8064c86b,word,c:/Users/94772/Desktop/Adaptive Audio-Based Therapeutic System for Post-Linguistic Hearing Loss Enhancing Emergency and Noisy-Environment Speech Comprehension-Test1/EarDisableResearch/Models/Data/audio/words/fae63ed5-6c82-4711-afbf-f8ed8064c86b.wav,,,
f961a55e-2e5f-4901-b211-cf8953c36b90,word,c:/Users/94772/Desktop/Adaptive Audio-Based Therapeutic System for Post-Linguistic Hearing Loss Enhancing Emergency and Noisy-Environment Speech Comprehension-Test1/EarDisableResearch/Models/Data/audio/words/f961a55e-2e5f-4901-b211-cf8953c36b90.wav,,,
54725d54-33b9-4acb-a9f8-04ee405e3342,word,c:/Users/94772/Desktop/Adaptive Audio-Based Therapeutic System for Post-Linguistic Hearing Loss Enhancing Emergency and Noisy-Environment Speech Comprehension-Test1/EarDisableResearch/Models/Data/audio/words/54725d54-33b9-4acb-a9f8-04ee405e3342.wav,,,
bad1605f-9b14-416f-94cd-ab815c4730b6,word,c:/Users/94772/Desktop/Adaptive Audio-Based Therapeutic System for Post-Linguistic Hearing Loss Enhancing Emergency and Noisy-Environment Speech Comprehension-Test1/EarDisableResearch/Models/Data/audio/words/bad1605f-9b14-416f-94cd-ab815c4730b6.wav,,,
ba7917a1-8bfd-4b05-a142-b7f6a53f1101,word,c:/Users/94772/Desktop/Adaptive Audio-Based Therapeutic System for Post-Linguistic Hearing Loss Enhancing Emergency and Noisy-Environment Speech Comprehension-Test1/EarDisableResearch/Models/Data/audio/words/ba7917a1-8bfd-4b05-a142-b7f6a53f1101.wav,,,
9f6f1d54-9f61-4ea3-a9af-9cdff46963a6,word,c:/Users/94772/Desktop/Adaptive Audio-Based Therapeutic System for Post-Linguistic Hearing Loss Enhancing Emergency and Noisy-Environment Speech Comprehension-Test1/EarDisableResearch/Models/Data/audio/words/9f6f1d54-9f61-4ea3-a9af-9cdff46963a6.wav,,,
0f30158e-6db0-4f15-b444-14852bff19b0,word,c:/Users/94772/Desktop/Adaptive Audio-Based Therapeutic System for Post-Linguistic Hearing Loss Enhancing Emergency and Noisy-Environment Speech Comprehension-Test1/EarDisableResearch/Models/Data/audio/words/0f30158e-6db0-4f15-b444-14852bff19b0.wav,,,
