section,index,sinhala_word,singlish_word,main_vowel_char,main_vowel_name,audio_path
ක්‍රියාකාරකම-01,01,පස්,Pas,අ,a,swara_audio_cloud/ක්‍රියාකාරකම-01/01_පස්_ps.mp3
ක්‍රියාකාරකම-01,01,පුස්,Pus,උ,u,swara_audio_cloud/ක්‍රියාකාරකම-01/01_පුස්_pus.mp3
ක්‍රියාකාරකම-01,02,හත,Hata,අ,a,swara_audio_cloud/ක්‍රියාකාරකම-01/02_හත_ht.mp3
ක්‍රියාකාරකම-01,02,හිත,Hita,ඉ,i,swara_audio_cloud/ක්‍රියාකාරකම-01/02_හිත_hit.mp3
ක්‍රියාකාරකම-01,03,බල්ලා,Ballaa,අ,a,swara_audio_cloud/ක්‍රියාකාරකම-01/03_බල්ලා_bllaa.mp3
ක්‍රියාකාරකම-01,03,බිල්ලා,Billaa,ඉ,i,swara_audio_cloud/ක්‍රියාකාරකම-01/03_බිල්ලා_billaa.mp3
ක්‍රියාකාරකම-01,04,බය,Baya,අ,a,swara_audio_cloud/ක්‍රියාකාරකම-01/04_බය_by.mp3
ක්‍රියාකාරකම-01,04,බිය,Biya,ඉ,i,swara_audio_cloud/ක්‍රියාකාරකම-01/04_බිය_biy.mp3
ක්‍රියාකාරකම-01,05,පනා,Panaa,අ,a,swara_audio_cloud/ක්‍රියාකාරකම-01/05_පනා_pnaa.mp3
ක්‍රියාකාරකම-01,05,පිනා,Pinaa,ඉ,i,swara_audio_cloud/ක්‍රියාකාරකම-01/05_පිනා_pinaa.mp3
ක්‍රියාකාරකම-01,06,ටින්,Tin,ඉ,i,swara_audio_cloud/ක්‍රියාකාරකම-01/06_ටින්_ttin.mp3
ක්‍රියාකාරකම-01,06,ටොන්,Ton,ඔ,o,swara_audio_cloud/ක්‍රියාකාරකම-01/06_ටොන්_tton.mp3
ක්‍රියාකාරකම-01,07,පිල්,Pil,ඉ,i,swara_audio_cloud/ක්‍රියාකාරකම-01/07_පිල්_pil.mp3
ක්‍රියාකාරකම-01,07,පොල්,Pol,ඔ,o,swara_audio_cloud/ක්‍රියාකාරකම-01/07_පොල්_pol.mp3
ක්‍රියාකාරකම-01,08,කජු,Kaju,අ,a,swara_audio_cloud/ක්‍රියාකාරකම-01/08_කජු_kju.mp3
ක්‍රියාකාරකම-01,08,කේජු,Keeju,ඒ,ee,swara_audio_cloud/ක්‍රියාකාරකම-01/08_කේජු_keeju.mp3
ක්‍රියාකාරකම-01,09,පිත්ත,Pitta,ඉ,i,swara_audio_cloud/ක්‍රියාකාරකම-01/09_පිත්ත_pitt.mp3
ක්‍රියාකාරකම-01,09,පොත්ත,Potta,ඔ,o,swara_audio_cloud/ක්‍රියාකාරකම-01/09_පොත්ත_pott.mp3
ක්‍රියාකාරකම-01,10,බිදිති,Biditi,ඉ,i,swara_audio_cloud/ක්‍රියාකාරකම-01/10_බිදිති_biditi.mp3
ක්‍රියාකාරකම-01,10,බුදිති,Buditi,උ,u,swara_audio_cloud/ක්‍රියාකාරකම-01/10_බුදිති_buditi.mp3
ක්‍රියාකාරකම-01,11,කෝල්,Kool,ඕ,oo,swara_audio_cloud/ක්‍රියාකාරකම-01/11_කෝල්_kool.mp3
ක්‍රියාකාරකම-01,11,කූල්,Kuul,ඌ,uu,swara_audio_cloud/ක්‍රියාකාරකම-01/11_කූල්_kuul.mp3
ක්‍රියාකාරකම-01,12,බොල්,Bol,ඔ,o,swara_audio_cloud/ක්‍රියාකාරකම-01/12_බොල්_bol.mp3
ක්‍රියාකාරකම-01,12,බූල්,Buul,ඌ,uu,swara_audio_cloud/ක්‍රියාකාරකම-01/12_බූල්_buul.mp3
ක්‍රියාකාරකම-01,13,බිම,Bima,ඉ,i,swara_audio_cloud/ක්‍රියාකාරකම-01/13_බිම_bim.mp3
ක්‍රියාකාරකම-01,13,බීම,Biima,ඊ,ii,swara_audio_cloud/ක්‍රියාකාරකම-01/13_බීම_biim.mp3
ක්‍රියාකාරකම-01,14,ෆෝන්,Foon,ඕ,oo,swara_audio_cloud/ක්‍රියාකාරකම-01/14_ෆෝන්_foon.mp3
ක්‍රියාකාරකම-01,14,ෆන්,Fan,අ,a,swara_audio_cloud/ක්‍රියාකාරකම-01/14_ෆන්_fn.mp3
ක්‍රියාකාරකම-01,15,පීරන,Piirana,ඊ,ii,swara_audio_cloud/ක්‍රියාකාරකම-01/15_පීරන_piirn.mp3
ක්‍රියාකාරකම-01,15,පරන,Parana,අ,a,swara_audio_cloud/ක්‍රියාකාරකම-01/15_පරන_prn.mp3
ක්‍රියාකාරකම-02,01,තීරුව,Tiiruva,ඊ,ii,swara_audio_cloud/ක්‍රියාකාරකම-02/01_තීරුව_tiiruv.mp3
ක්‍රියාකාරකම-02,01,තරුව,Taruva,අ,a,swara_audio_cloud/ක්‍රියාකාරකම-02/01_තරුව_truv.mp3
ක්‍රියාකාරකම-02,02,සීනුව,Siinuva,ඊ,ii,swara_audio_cloud/ක්‍රියාකාරකම-02/02_සීනුව_siinuv.mp3
ක්‍රියාකාරකම-02,02,සානුව,Saanuva,ආ,aa,swara_audio_cloud/ක්‍රියාකාරකම-02/02_සානුව_saanuv.mp3
ක්‍රියාකාරකම-02,03,දීපය,Diipaya,ඊ,ii,swara_audio_cloud/ක්‍රියාකාරකම-02/03_දීපය_diipy.mp3
ක්‍රියාකාරකම-02,03,දුපය,Dupaya,උ,u,swara_audio_cloud/ක්‍රියාකාරකම-02/03_දුපය_dupy.mp3
ක්‍රියාකාරකම-02,04,බෝලය,Boolaya,ඕ,oo,swara_audio_cloud/ක්‍රියාකාරකම-02/04_බෝලය_booly.mp3
ක්‍රියාකාරකම-02,04,බලය,Balaya,අ,a,swara_audio_cloud/ක්‍රියාකාරකම-02/04_බලය_bly.mp3
ක්‍රියාකාරකම-02,05,ලීය,Liiya,ඊ,ii,swara_audio_cloud/ක්‍රියාකාරකම-02/05_ලීය_liiy.mp3
ක්‍රියාකාරකම-02,05,ලය,Laya,අ,a,swara_audio_cloud/ක්‍රියාකාරකම-02/05_ලය_ly.mp3
ක්‍රියාකාරකම-02,06,කාලය,Kaalaya,ආ,aa,swara_audio_cloud/ක්‍රියාකාරකම-02/06_කාලය_kaaly.mp3
ක්‍රියාකාරකම-02,06,කෝලය,Koolaya,ඕ,oo,swara_audio_cloud/ක්‍රියාකාරකම-02/06_කෝලය_kooly.mp3
ක්‍රියාකාරකම-02,07,පීසා,Piisaa,ඊ,ii,swara_audio_cloud/ක්‍රියාකාරකම-02/07_පීසා_piisaa.mp3
ක්‍රියාකාරකම-02,07,පූසා,Puusaa,ඌ,uu,swara_audio_cloud/ක්‍රියාකාරකම-02/07_පූසා_puusaa.mp3
ක්‍රියාකාරකම-02,08,මුල්ල,Mulla,උ,u,swara_audio_cloud/ක්‍රියාකාරකම-02/08_මුල්ල_mull.mp3
ක්‍රියාකාරකම-02,08,මල්ල,Malla,අ,a,swara_audio_cloud/ක්‍රියාකාරකම-02/08_මල්ල_mll.mp3
ක්‍රියාකාරකම-02,09,ගුල,Gula,උ,u,swara_audio_cloud/ක්‍රියාකාරකම-02/09_ගුල_gul.mp3
ක්‍රියාකාරකම-02,09,ගල,Gala,අ,a,swara_audio_cloud/ක්‍රියාකාරකම-02/09_ගල_gl.mp3
ක්‍රියාකාරකම-02,10,වල,Vala,අ,a,swara_audio_cloud/ක්‍රියාකාරකම-02/10_වල_vl.mp3
ක්‍රියාකාරකම-02,10,විල,Vila,ඉ,i,swara_audio_cloud/ක්‍රියාකාරකම-02/10_විල_vil.mp3
ක්‍රියාකාරකම-02,11,මල්,Mal,අ,a,swara_audio_cloud/ක්‍රියාකාරකම-02/11_මල්_ml.mp3
ක්‍රියාකාරකම-02,11,මුල්,Mul,උ,u,swara_audio_cloud/ක්‍රියාකාරකම-02/11_මුල්_mul.mp3
ක්‍රියාකාරකම-02,12,සාලය,Saalaya,ආ,aa,swara_audio_cloud/ක්‍රියාකාරකම-02/12_සාලය_saaly.mp3
ක්‍රියාකාරකම-02,12,සීලය,Siilaya,ඊ,ii,swara_audio_cloud/ක්‍රියාකාරකම-02/12_සීලය_siily.mp3
ක්‍රියාකාරකම-02,13,ටක්,Tak,අ,a,swara_audio_cloud/ක්‍රියාකාරකම-02/13_ටක්_ttk.mp3
ක්‍රියාකාරකම-02,13,ටුක්,Tuk,උ,u,swara_audio_cloud/ක්‍රියාකාරකම-02/13_ටුක්_ttuk.mp3
ක්‍රියාකාරකම-02,14,පාල,Paala,ආ,aa,swara_audio_cloud/ක්‍රියාකාරකම-02/14_පාල_paal.mp3
ක්‍රියාකාරකම-02,14,පිල,Pila,ඉ,i,swara_audio_cloud/ක්‍රියාකාරකම-02/14_පිල_pil.mp3
ක්‍රියාකාරකම-02,15,තලා,Talaa,අ,a,swara_audio_cloud/ක්‍රියාකාරකම-02/15_තලා_tlaa.mp3
ක්‍රියාකාරකම-02,15,තුලා,Tulaa,උ,u,swara_audio_cloud/ක්‍රියාකාරකම-02/15_තුලා_tulaa.mp3
ක්‍රියාකාරකම-04,01,පායන,Paayana,ආ,aa,swara_audio_cloud/ක්‍රියාකාරකම-04/01_පායන_paayn.mp3
ක්‍රියාකාරකම-04,01,පියන,Piyana,ඉ,i,swara_audio_cloud/ක්‍රියාකාරකම-04/01_පියන_piyn.mp3
ක්‍රියාකාරකම-04,02,සිහින,Sihina,ඉ,i,swara_audio_cloud/ක්‍රියාකාරකම-04/02_සිහින_sihin.mp3
ක්‍රියාකාරකම-04,02,සහන,Sahana,අ,a,swara_audio_cloud/ක්‍රියාකාරකම-04/02_සහන_shn.mp3
ක්‍රියාකාරකම-04,03,පැල,Paැla,අ,a,swara_audio_cloud/ක්‍රියාකාරකම-04/03_පැල_pael.mp3
ක්‍රියාකාරකම-04,03,පිල,Pila,ඉ,i,swara_audio_cloud/ක්‍රියාකාරකම-04/03_පිල_pil.mp3
ක්‍රියාකාරකම-04,04,වරල,Varala,අ,a,swara_audio_cloud/ක්‍රියාකාරකම-04/04_වරල_vrl.mp3
ක්‍රියාකාරකම-04,04,විරල,Virala,ඉ,i,swara_audio_cloud/ක්‍රියාකාරකම-04/04_විරල_virl.mp3
ක්‍රියාකාරකම-04,05,කුසල,Kusala,උ,u,swara_audio_cloud/ක්‍රියාකාරකම-04/05_කුසල_kusl.mp3
ක්‍රියාකාරකම-04,05,කසල,Kasala,අ,a,swara_audio_cloud/ක්‍රියාකාරකම-04/05_කසල_ksl.mp3
ක්‍රියාකාරකම-04,06,පැදුරු,Paැduru,අ,a,swara_audio_cloud/ක්‍රියාකාරකම-04/06_පැදුරු_paeduru.mp3
ක්‍රියාකාරකම-04,06,පිදුරු,Piduru,ඉ,i,swara_audio_cloud/ක්‍රියාකාරකම-04/06_පිදුරු_piduru.mp3
ක්‍රියාකාරකම-04,07,මේසය,Meesaya,ඒ,ee,swara_audio_cloud/ක්‍රියාකාරකම-04/07_මේසය_meesy.mp3
ක්‍රියාකාරකම-04,07,මාසය,Maasaya,ආ,aa,swara_audio_cloud/ක්‍රියාකාරකම-04/07_මාසය_maasy.mp3
ක්‍රියාකාරකම-04,08,කදුරු,Kaduru,අ,a,swara_audio_cloud/ක්‍රියාකාරකම-04/08_කදුරු_kduru.mp3
ක්‍රියාකාරකම-04,08,කිදුරු,Kiduru,ඉ,i,swara_audio_cloud/ක්‍රියාකාරකම-04/08_කිදුරු_kiduru.mp3
ක්‍රියාකාරකම-04,09,මීයා,Miiyaa,ඊ,ii,swara_audio_cloud/ක්‍රියාකාරකම-04/09_මීයා_miiyaa.mp3
ක්‍රියාකාරකම-04,09,මායා,Maayaa,ආ,aa,swara_audio_cloud/ක්‍රියාකාරකම-04/09_මායා_maayaa.mp3
ක්‍රියාකාරකම-04,10,කල,Kala,අ,a,swara_audio_cloud/ක්‍රියාකාරකම-04/10_කල_kl.mp3
ක්‍රියාකාරකම-04,10,කුල,Kula,උ,u,swara_audio_cloud/ක්‍රියාකාරකම-04/10_කුල_kul.mp3
ක්‍රියාකාරකම-05,01,නල,Nala,අ,a,swara_audio_cloud/ක්‍රියාකාරකම-05/01_නල_nl.mp3
ක්‍රියාකාරකම-05,01,නිල,Nila,ඉ,i,swara_audio_cloud/ක්‍රියාකාරකම-05/01_නිල_nil.mp3
ක්‍රියාකාරකම-05,02,වස්තර,Vastara,අ,a,swara_audio_cloud/ක්‍රියාකාරකම-05/02_වස්තර_vstr.mp3
ක්‍රියාකාරකම-05,02,විස්තර,Vistara,ඉ,i,swara_audio_cloud/ක්‍රියාකාරකම-05/02_විස්තර_vistr.mp3
ක්‍රියාකාරකම-05,03,පිලිකා,Pilikaa,ඉ,i,swara_audio_cloud/ක්‍රියාකාරකම-05/03_පිලිකා_pilikaa.mp3
ක්‍රියාකාරකම-05,03,පාලිකා,Paalikaa,ආ,aa,swara_audio_cloud/ක්‍රියාකාරකම-05/03_පාලිකා_paalikaa.mp3
ක්‍රියාකාරකම-05,04,වල,Vala,අ,a,swara_audio_cloud/ක්‍රියාකාරකම-05/04_වල_vl.mp3
ක්‍රියාකාරකම-05,04,විල,Vila,ඉ,i,swara_audio_cloud/ක්‍රියාකාරකම-05/04_විල_vil.mp3
ක්‍රියාකාරකම-05,05,ගමන,Gamana,අ,a,swara_audio_cloud/ක්‍රියාකාරකම-05/05_ගමන_gmn.mp3
ක්‍රියාකාරකම-05,05,ගිමන,Gimana,ඉ,i,swara_audio_cloud/ක්‍රියාකාරකම-05/05_ගිමන_gimn.mp3
ක්‍රියාකාරකම-05,06,සම්පත්,Sampat,අ,a,swara_audio_cloud/ක්‍රියාකාරකම-05/06_සම්පත්_smpt.mp3
ක්‍රියාකාරකම-05,06,සිම්පත්,Simpat,ඉ,i,swara_audio_cloud/ක්‍රියාකාරකම-05/06_සිම්පත්_simpt.mp3
ක්‍රියාකාරකම-05,07,වසල,Vasala,අ,a,swara_audio_cloud/ක්‍රියාකාරකම-05/07_වසල_vsl.mp3
ක්‍රියාකාරකම-05,07,වාසල,Vaasala,ආ,aa,swara_audio_cloud/ක්‍රියාකාරකම-05/07_වාසල_vaasl.mp3
ක්‍රියාකාරකම-05,08,නයන,Nayana,අ,a,swara_audio_cloud/ක්‍රියාකාරකම-05/08_නයන_nyn.mp3
ක්‍රියාකාරකම-05,08,නියන,Niyana,ඉ,i,swara_audio_cloud/ක්‍රියාකාරකම-05/08_නියන_niyn.mp3
ක්‍රියාකාරකම-05,09,ගාල,Gaala,ආ,aa,swara_audio_cloud/ක්‍රියාකාරකම-05/09_ගාල_gaal.mp3
ක්‍රියාකාරකම-05,09,ගෝල,Goola,ඕ,oo,swara_audio_cloud/ක්‍රියාකාරකම-05/09_ගෝල_gool.mp3
ක්‍රියාකාරකම-05,10,ලස්සන,Lassana,අ,a,swara_audio_cloud/ක්‍රියාකාරකම-05/10_ලස්සන_lssn.mp3
ක්‍රියාකාරකම-05,10,ලිස්සන,Lissana,ඉ,i,swara_audio_cloud/ක්‍රියාකාරකම-05/10_ලිස්සන_lissn.mp3
