section,index,sinhala_word,main_vowel_char,main_vowel_name
ක්‍රියාකාරකම-01,01,පස්,අ,a
ක්‍රියාකාරකම-01,01,පුස්,උ,u
ක්‍රියාකාරකම-01,02,හත,අ,a
ක්‍රියාකාරකම-01,02,හිත,ඉ,i
ක්‍රියාකාරකම-01,03,බල්ලා,අ,a
ක්‍රියාකාරකම-01,03,බිල්ලා,ඉ,i
ක්‍රියාකාරකම-01,04,බය,අ,a
ක්‍රියාකාරකම-01,04,බිය,ඉ,i
ක්‍රියාකාරකම-01,05,පනා,අ,a
ක්‍රියාකාරකම-01,05,පිනා,ඉ,i
ක්‍රියාකාරකම-01,06,ටින්,ඉ,i
ක්‍රියාකාරකම-01,06,ටොන්,ඔ,o
ක්‍රියාකාරකම-01,07,පිල්,ඉ,i
ක්‍රියාකාරකම-01,07,පොල්,ඔ,o
ක්‍රියාකාරකම-01,08,කජු,අ,a
ක්‍රියාකාරකම-01,08,කේජු,ඒ,ee
ක්‍රියාකාරකම-01,09,පිත්ත,ඉ,i
ක්‍රියාකාරකම-01,09,පොත්ත,ඔ,o
ක්‍රියාකාරකම-01,10,බිදිති,ඉ,i
ක්‍රියාකාරකම-01,10,බුදිති,උ,u
ක්‍රියාකාරකම-01,11,කෝල්,ඕ,oo
ක්‍රියාකාරකම-01,11,කූල්,ඌ,uu
ක්‍රියාකාරකම-01,12,බොල්,ඔ,o
ක්‍රියාකාරකම-01,12,බූල්,ඌ,uu
ක්‍රියාකාරකම-01,13,බිම,ඉ,i
ක්‍රියාකාරකම-01,13,බීම,ඊ,ii
ක්‍රියාකාරකම-01,14,ෆෝන්,ඕ,oo
ක්‍රියාකාරකම-01,14,ෆන්,අ,a
ක්‍රියාකාරකම-01,15,පීරන,ඊ,ii
ක්‍රියාකාරකම-01,15,පරන,අ,a
ක්‍රියාකාරකම-02,01,තීරුව,ඊ,ii
ක්‍රියාකාරකම-02,01,තරුව,අ,a
ක්‍රියාකාරකම-02,02,සීනුව,ඊ,ii
ක්‍රියාකාරකම-02,02,සානුව,ආ,aa
ක්‍රියාකාරකම-02,03,දීපය,ඊ,ii
ක්‍රියාකාරකම-02,03,දුපය,උ,u
ක්‍රියාකාරකම-02,04,බෝලය,ඕ,oo
ක්‍රියාකාරකම-02,04,බලය,අ,a
ක්‍රියාකාරකම-02,05,ලීය,ඊ,ii
ක්‍රියාකාරකම-02,05,ලය,අ,a
ක්‍රියාකාරකම-02,06,කාලය,ආ,aa
ක්‍රියාකාරකම-02,06,කෝලය,ඕ,oo
ක්‍රියාකාරකම-02,07,පීසා,ඊ,ii
ක්‍රියාකාරකම-02,07,පූසා,ඌ,uu
ක්‍රියාකාරකම-02,08,මුල්ල,උ,u
ක්‍රියාකාරකම-02,08,මල්ල,අ,a
ක්‍රියාකාරකම-02,09,ගුල,උ,u
ක්‍රියාකාරකම-02,09,ගල,අ,a
ක්‍රියාකාරකම-02,10,වල,අ,a
ක්‍රියාකාරකම-02,10,විල,ඉ,i
ක්‍රියාකාරකම-02,11,මල්,අ,a
ක්‍රියාකාරකම-02,11,මුල්,උ,u
ක්‍රියාකාරකම-02,12,සාලය,ආ,aa
ක්‍රියාකාරකම-02,12,සීලය,ඊ,ii
ක්‍රියාකාරකම-02,13,ටක්,අ,a
ක්‍රියාකාරකම-02,13,ටුක්,උ,u
ක්‍රියාකාරකම-02,14,පාල,ආ,aa
ක්‍රියාකාරකම-02,14,පිල,ඉ,i
ක්‍රියාකාරකම-02,15,තලා,අ,a
ක්‍රියාකාරකම-02,15,තුලා,උ,u
ක්‍රියාකාරකම-04,01,පායන,ආ,aa
ක්‍රියාකාරකම-04,01,පියන,ඉ,i
ක්‍රියාකාරකම-04,02,සිහින,ඉ,i
ක්‍රියාකාරකම-04,02,සහන,අ,a
ක්‍රියාකාරකම-04,03,පැල,අ,a
ක්‍රියාකාරකම-04,03,පිල,ඉ,i
ක්‍රියාකාරකම-04,04,වරල,අ,a
ක්‍රියාකාරකම-04,04,විරල,ඉ,i
ක්‍රියාකාරකම-04,05,කුසල,උ,u
ක්‍රියාකාරකම-04,05,කසල,අ,a
ක්‍රියාකාරකම-04,06,පැදුරු,අ,a
ක්‍රියාකාරකම-04,06,පිදුරු,ඉ,i
ක්‍රියාකාරකම-04,07,මේසය,ඒ,ee
ක්‍රියාකාරකම-04,07,මාසය,ආ,aa
ක්‍රියාකාරකම-04,08,කදුරු,අ,a
ක්‍රියාකාරකම-04,08,කිදුරු,ඉ,i
ක්‍රියාකාරකම-04,09,මීයා,ඊ,ii
ක්‍රියාකාරකම-04,09,මායා,ආ,aa
ක්‍රියාකාරකම-04,10,කල,අ,a
ක්‍රියාකාරකම-04,10,කුල,උ,u
ක්‍රියාකාරකම-05,01,නල,අ,a
ක්‍රියාකාරකම-05,01,නිල,ඉ,i
ක්‍රියාකාරකම-05,02,වස්තර,අ,a
ක්‍රියාකාරකම-05,02,විස්තර,ඉ,i
ක්‍රියාකාරකම-05,03,පිලිකා,ඉ,i
ක්‍රියාකාරකම-05,03,පාලිකා,ආ,aa
ක්‍රියාකාරකම-05,04,වල,අ,a
ක්‍රියාකාරකම-05,04,විල,ඉ,i
ක්‍රියාකාරකම-05,05,ගමන,අ,a
ක්‍රියාකාරකම-05,05,ගිමන,ඉ,i
ක්‍රියාකාරකම-05,06,සම්පත්,අ,a
ක්‍රියාකාරකම-05,06,සිම්පත්,ඉ,i
ක්‍රියාකාරකම-05,07,වසල,අ,a
ක්‍රියාකාරකම-05,07,වාසල,ආ,aa
ක්‍රියාකාරකම-05,08,නයන,අ,a
ක්‍රියාකාරකම-05,08,නියන,ඉ,i
ක්‍රියාකාරකම-05,09,ගාල,ආ,aa
ක්‍රියාකාරකම-05,09,ගෝල,ඕ,oo
ක්‍රියාකාරකම-05,10,ලස්සන,අ,a
ක්‍රියාකාරකම-05,10,ලිස්සන,ඉ,i
